课程名字,课程链接
C/C++高薪全能班-,https://ke.qq.com/course/5503281
Python数据分析挖掘，高薪就业前景深入剖析,https://ke.qq.com/course/4157300
Python项目实战：酷我付费音乐破解下载爬虫技术实现【图灵课堂】,https://ke.qq.com/course/4122032
Python零基础小白入门【六星教育】,https://ke.qq.com/course/3941889
Python人工智能-从0入门到就业，达到企业招聘标准【马士兵教育】,https://ke.qq.com/course/3138599
python从入门到实战|零基础入门|爬虫|数据分析|全栈开发,https://ke.qq.com/course/3136541
Python入门到实战，3节课化身为Python大神【马士兵教育】,https://ke.qq.com/course/2807070
Python 零基础  到 高薪就业  包含全栈开发，爬虫，人工智能,https://ke.qq.com/course/461963
Python基础编程/高级开发/全栈开发/爬虫/数据分析【青灯教育】,https://ke.qq.com/course/384363
数据分析+Py全栈+爬虫+Ai=python全能工程师,https://ke.qq.com/course/251222
Python表白神器【六星教育】,https://ke.qq.com/course/4156741
Python项目实战-带你爬取王者荣耀皮肤图片爬虫技术实现-图灵课堂,https://ke.qq.com/course/4122055
C/C++高薪全能班,https://ke.qq.com/course/3134056
Python零基础入门爬虫开发-付费音乐爬虫【图灵课堂Python】,https://ke.qq.com/course/3708036
2022马哥Python全栈+爬虫+数据分析+AI基础入门教程-知识讲解课,https://ke.qq.com/course/446009
Python零基础快速就业到数据抓取/人工智能/数据分析,https://ke.qq.com/course/380991
python开发入门与职业进阶,https://ke.qq.com/course/371296
python爬虫教程-马哥全新Python商业爬虫实战,https://ke.qq.com/course/335395
Python全家福（第五期）,
用python实现九九乘法表,https://ke.qq.com/course/332866
Python小游戏入门【六星教育】,https://ke.qq.com/course/4156742
Python项目实战-带你爬取豆瓣经典电影排行榜【图灵Python课堂】,https://ke.qq.com/course/4122510
Python办公自动化全套教程Python入门Python基础教程Python自动化,https://ke.qq.com/course/4001590
Python零基础入门爬虫开发-小说爬虫【图灵课堂Python】,https://ke.qq.com/course/3708010
Python全栈+爬虫+AI人工智能-挑战年薪30W+,https://ke.qq.com/course/3615204
Python答疑,https://ke.qq.com/course/3133321
Python零基础教程就业到高级工程师/数据分析/网络爬虫/人工智能,https://ke.qq.com/course/1466426
马哥python教程-零基础Python快速入门教程,https://ke.qq.com/course/335521
Python3网络爬虫实战课程,
深入浅出带你学Python【马哥教育】,https://ke.qq.com/course/134017
Python数据分析入门【六星教育】,https://ke.qq.com/course/4159464
Python爬虫实战：爬取海底捞火锅店可视化分析技术实现-图灵课堂,https://ke.qq.com/course/4122506
Python数据抓取小白入门实战1【六星教育】,https://ke.qq.com/course/4159454
python多版本共同存在和pycharm安装-Python爬虫,https://ke.qq.com/course/4093313
Python零基础小白入门【六星教育】,https://ke.qq.com/course/4034441
Python全栈开发工程师,https://ke.qq.com/course/3582879
Python入门到精通/机器学习/爬虫/数据分析/数据挖掘/项目实战,https://ke.qq.com/course/421232
2022马哥python教程-Python网站web开发实战,https://ke.qq.com/course/335499
C/C++高薪全能班-24,https://ke.qq.com/course/5544688
2022马哥python教程-Python全新列表、排序及字典,https://ke.qq.com/course/335491
Python画佩奇,https://ke.qq.com/course/4160553
2022马哥python教程-Python网络编程实战,https://ke.qq.com/course/335486
Python制作消消乐,https://ke.qq.com/course/4125963
Python教程/爬虫/数据分析/web开发-数据分析案例讲解,https://ke.qq.com/course/3999164
马哥教育Python-WEB-SSH实战训练营--案例项目课,https://ke.qq.com/course/3941853
Python教程/爬虫/数据分析/web开发-爬虫案例讲解,https://ke.qq.com/course/3999158
Python基础入门+爬虫+数据分析+项目实战+机器学习+深度学习,https://ke.qq.com/course/3454144
Python入门和案例实战/MySQL数据库/Web开发/爬虫/数据可视化,https://ke.qq.com/course/2087555
马哥python教程-2022全新Python排序、冒泡字符串实战,https://ke.qq.com/course/335480
Python爬虫高薪就业VIP班,
Python教程/爬虫/数据分析/web开发-基础案例讲解,https://ke.qq.com/course/3999153
Python办公自动化实例_批量处理Excel文件【表格/实战/Excel】,https://ke.qq.com/course/4124282
Python核心编程,https://ke.qq.com/course/3582084
Python0基础入门课程 轻松学-爬虫-数据分析-Django,https://ke.qq.com/course/3454677
Python基础课程,https://ke.qq.com/course/3202122
Python入门经典（2K超清）,https://ke.qq.com/course/3065448
《Python定量城市研究实战》体验课,https://ke.qq.com/course/1182492
马哥教育Python全栈+爬虫+数据分析+AI小白入门训练营,https://ke.qq.com/course/465147
城市空间系列研究直播课,https://ke.qq.com/course/431351
用python实现用户登录验证,https://ke.qq.com/course/217064
Python全栈/数据分析/爬虫/AI人工智能-1,https://ke.qq.com/course/5584182
python零基础入门/ 数据分析 / 自动化测试/AI人工智能,https://ke.qq.com/course/4125885
Python精选实战小案例,https://ke.qq.com/course/4000633
Python爬虫高级开发工程师,https://ke.qq.com/course/3582874
2021年Python基础教程，最全的Python入门教程,https://ke.qq.com/course/3454592
Python入门到精通/Python/软件测试,https://ke.qq.com/course/552109
Python零基础进阶全栈开发,https://ke.qq.com/course/443541
Python小白《8天从入门到精通训练营 》 0基础进击30W年薪,https://ke.qq.com/course/367176
Python运维开发实战,https://ke.qq.com/course/339796
Python开发21天入门必备,https://ke.qq.com/course/363416
Vue+Vite+ElementPlus+Django REST framework前后端分离项目实战,https://ke.qq.com/course/4964049
Python实现小游戏入门【六星教育】,https://ke.qq.com/course/4163460
python最新基础课程,https://ke.qq.com/course/3489125
【博斌教育】从零基础到大数据算法进阶(爬虫/机器/深度),https://ke.qq.com/course/3381250
Python/PyCharm下载安装及使用教程/配置环境变量,https://ke.qq.com/course/2292262
Python零基础入门到精通项目实战,https://ke.qq.com/course/2144993
Python从入门到项目实战,https://ke.qq.com/course/1708254
Python编程零基础小白快速入门必听课,https://ke.qq.com/course/982609
Python 400集/Python大型视频教程（第一季）【尚学堂】,https://ke.qq.com/course/438312
Python全栈开发/爬虫/人工智能/机器学习/数据分析【扣丁学堂】,https://ke.qq.com/course/327534
Python爬虫入门实例_手把手教你编写爬虫【爬虫/入门/实战】,https://ke.qq.com/course/4124251
Python基础教程|爬虫|数据分析入门|,https://ke.qq.com/course/4030612
Python爬虫高级体验课程（爬虫基础+实战案例）,https://ke.qq.com/course/3619353
【达内】2021年Python爬虫全套课程（爬虫快速上手）,https://ke.qq.com/course/3454582
机器学习_入门经典（免费，2K超清）,https://ke.qq.com/course/3065516
卷积神经网络(CNN)识别手写体数字和英文字母及MATLAB程序视频,https://ke.qq.com/course/2738491
零基础_第一行Python代码,https://ke.qq.com/course/2585437
Python 400集/Python大型视频教程（第二季）【尚学堂】,https://ke.qq.com/course/450374
【零基础入门】Python基础教程,https://ke.qq.com/course/435128
Python全栈+爬虫套餐,
【星越教育】Python爬虫实战案例,https://ke.qq.com/course/4195292
Python零基础小白入门精品课【六星教育】,https://ke.qq.com/course/4156737
Python数据分析――数据清洗、处理和分析【pandas/matplotlib】,https://ke.qq.com/course/4126298
【蓝鲸】2021秋季全新SaaS开发实战课,https://ke.qq.com/course/4034559
python-30天从入门到精通-基础,https://ke.qq.com/course/4033646
看漫画学Python,https://ke.qq.com/course/3202568
基于GIS的Python开发应用（GIS思维）,https://ke.qq.com/course/2267271
Python开发技术分享,https://ke.qq.com/course/1797234
机器学习Python编程文件读写IO操作,https://ke.qq.com/course/483932
撩课-Python大数据+人工智能3,https://ke.qq.com/course/409094
Python全栈/数据分析/爬虫/AI人工智能-2,https://ke.qq.com/course/5624535
2天爬虫入门精选课,https://ke.qq.com/course/4130217
Python零基础入门必看动画课（第一季）,https://ke.qq.com/course/3420356
HTML入门到精通-（python网站开发全栈系列课）,https://ke.qq.com/course/3202389
Python基础入门+爬虫数据可视化,https://ke.qq.com/course/2804580
Python爬虫与反爬虫左右互搏,https://ke.qq.com/course/2027113
Python零基础入门到全栈开发,https://ke.qq.com/course/1584703
Python Django Web 开发,https://ke.qq.com/course/473874
python视频教程爬虫实战课程数据采集pyspark大数据全栈人工智能,https://ke.qq.com/course/450342
机器学习公开课,https://ke.qq.com/course/430799
Python深入浅出进阶教程【黑马程序员】,https://ke.qq.com/course/3582302
Python人工智能课程试听（免费）,https://ke.qq.com/course/2961581
python小白课 - 五天开发背单词软件 | python基础 | tkinter GUI,https://ke.qq.com/course/2929174
python从入门到精通,https://ke.qq.com/course/2525555
Python爬虫实战VIP班【灵犀教育】,https://ke.qq.com/course/436607
Python网络爬虫基础与实战,https://ke.qq.com/course/415319
Python全栈/爬虫/运维/Flask/Openstack Django【达亚学院】,https://ke.qq.com/course/397896
Django+Ajax商业实战,https://ke.qq.com/course/378236
Python快速入门,https://ke.qq.com/course/354426
Python框架之Django开发实战,https://ke.qq.com/course/378200
Python全栈/数据分析/爬虫/AI人工智能-5,https://ke.qq.com/course/5645480
Python财务分析基础,https://ke.qq.com/course/4162285
Python人脸识别来访系统开发实战,https://ke.qq.com/course/4001197
Python爬虫,https://ke.qq.com/course/4000870
数据分析入门教程，300分钟用Matplotlib打造疫情展示地图,https://ke.qq.com/course/2961800
python编程python编程入门python基础教程python青少年少儿编程,https://ke.qq.com/course/2029685
量化投资-由浅入深学习Python语言,https://ke.qq.com/course/470502
Python快速入门（5小时带你飞）,https://ke.qq.com/course/408242
python程序设计：2.1Python面向对象的程序设计,https://ke.qq.com/course/269234
Python萌新启航班（第四期）,
Python算法,https://ke.qq.com/course/4875020
Python3.10的下载安装与新特性,https://ke.qq.com/course/4124396
Python开发环境配置,https://ke.qq.com/course/3453658
Python3编程开发环境与工具配置 - 基于Python3.9,https://ke.qq.com/course/3096444
3天学会爬虫，一起开发爬虫项目实践（价值5k的私活）,https://ke.qq.com/course/2959760
零基础，Python入门！,https://ke.qq.com/course/2738998
Python 函数,https://ke.qq.com/course/2029066
Python全栈精品课之正则表达式,https://ke.qq.com/course/1584694
零基础实战Python【核心技术】编程,https://ke.qq.com/course/409534
Python全栈精品课之Python精讲课（一）,https://ke.qq.com/course/1582809
Python开发之爬虫实战课程(4号教室),https://ke.qq.com/course/5830693
信息技术 八年级上 浙教版 Python程序设计,https://ke.qq.com/course/3998836
Python：函数重定义的本质,https://ke.qq.com/course/3581119
手把手教你学Python（前导篇）,https://ke.qq.com/course/3517980
彻底搞懂python元类metaclass,https://ke.qq.com/course/3450558
python基础课程 | 三眼鸭,https://ke.qq.com/course/3417948
Python零基础小白入门必修课,https://ke.qq.com/course/3030907
Python Qt 图形界面开发 PyQt5 PySide2 - 白月黑羽出品,https://ke.qq.com/course/473073
灵犀教育Python+AI VIP体验课,https://ke.qq.com/course/458852
【NEXT学院】Python从入门到实战・基础篇【体验课】,https://ke.qq.com/course/385849
【马士兵教育】0基础入门Python全栈开发，挑战高薪就业,https://ke.qq.com/course/2379953
Python零基础进阶全栈开发【六星教育】,https://ke.qq.com/course/2320671
python+AI VIP体验视频,https://ke.qq.com/course/451472
撩课-Python大数据+人工智能4,https://ke.qq.com/course/409286
Python基础班,https://ke.qq.com/course/395900
Python基础教程/爬虫/AI人工智能/数据分析/机器学习【六星教育】,https://ke.qq.com/course/292490
python web工程师：30分钟完成新闻系统开发,https://ke.qq.com/course/257890
0基础如何用3个月学会机器学习,https://ke.qq.com/course/254898
Python小白到大牛【免费学习交流课】,https://ke.qq.com/course/249690
Python萌新启航班（第三期）,
初学Python第一步：部署开发环境,https://ke.qq.com/course/3168936
Python爬虫开发实战,https://ke.qq.com/course/5420696
Python零基础小白入门课程,https://ke.qq.com/course/3168528
Python小白入门课｜Django｜爬虫｜数据分析,https://ke.qq.com/course/3097811
Python全栈工程师 Python开发/数据分析/AI人工智能【图灵课堂】,https://ke.qq.com/course/3029344
零起点高质量Python网站、软件开发与Excel处理就业实战宣传介绍,https://ke.qq.com/course/2959905
Python零基础入门｜小白变大神｜Django｜爬虫｜数据分析,https://ke.qq.com/course/2898531
爬了么课堂,https://ke.qq.com/course/2838735
Python全方面技能了解、市场行业全面分析【马士兵教育】,https://ke.qq.com/course/2836144
免费Python爬虫实战课程,https://ke.qq.com/course/2474528
Python办公自动化-千张excel表格数据汇总/文件读取/数据合并分析,https://ke.qq.com/course/4126350
Python零基础入门|爬虫|数据分析|人工智能【软帝云课堂】,https://ke.qq.com/course/3941163
Python名师精讲训练营【图灵课堂】,https://ke.qq.com/course/3612906
Python爬虫小白入门（答疑篇）,https://ke.qq.com/course/3547666
后台开发-Python/PHP/C/C++/Golang/C#-大厂后台开发个人能力解析,https://ke.qq.com/course/3517879
python零基础全栈开发 / 爬虫开发 / 数据分析 / AI人工智能,https://ke.qq.com/course/3450407
Python零基础新手小白入门到项目实战【六星教育】,https://ke.qq.com/course/3485518
Python网络爬虫实战课程,https://ke.qq.com/course/3438269
Python零基础入门｜小白变大神｜Django｜爬虫｜数据分析,https://ke.qq.com/course/3417573
Python Web开发动手练习项目V1.0 学生管理系统,https://ke.qq.com/course/465403
Uzdil Python语言基础【维吾尔语】,https://ke.qq.com/course/4300904
Arcgis Python二次开发中高级课程 从入门到高薪就业,https://ke.qq.com/course/4234433
python新闻信息管理系统 毕业设计毕设源码 演示教程(Django框架),https://ke.qq.com/course/4231967
基于python的Django框架购物商城毕业设计毕设源码演示教程,https://ke.qq.com/course/4228470
python校园鲜花水果商城 毕业设计毕设源码 演示教程(Django框架),https://ke.qq.com/course/4231404
Python名师精讲训练营课程,https://ke.qq.com/course/4164266
Python零基础高薪就业特训营【六星教育】,https://ke.qq.com/course/3855266
Python核心编程―预科班,https://ke.qq.com/course/3854898
Python人工智能之蔬菜识别,https://ke.qq.com/course/3451434
Python萌新启航班,
Python开发/网络爬虫/数据分析/人工智能赢取高薪未来[职坐标],https://ke.qq.com/course/4366361
Python技术从0基础入门到实战操练,https://ke.qq.com/course/4334040
python初级课程,https://ke.qq.com/course/4302944
建筑参数化性能分析-高级课程说明,https://ke.qq.com/course/4234452
python新冠疫情数据采集显示网站毕业设计源码演示(Django框架),https://ke.qq.com/course/4234236
python建筑数据分析-课程介绍,https://ke.qq.com/course/4234444
python企业公司网站 毕业设计毕设源码 演示教程(Django框架),https://ke.qq.com/course/4233518
Python Web开发动手练习项目V2.0 学生管理系统,https://ke.qq.com/course/468601
python个人博客系统 毕业设计毕设源码 演示教程(Django框架),https://ke.qq.com/course/4232698
Python兴趣爱好特惠包,
Python开发之爬虫实战课程(3号教室),https://ke.qq.com/course/5830692
Python案例实战教学| Python自动化 | 爬虫 | 数据分析 | Web开发,https://ke.qq.com/course/4934130
必学基础人工智能课程，7天入门机器学习,https://ke.qq.com/course/4846012
Python 0基础-高薪架构一站就业课-项目驱动，企业认可,https://ke.qq.com/course/4546066
python游戏开发/pygame/面向对象/游戏设计思想,https://ke.qq.com/course/4545120
0基础5G网络优化工程师课程（新版）,https://ke.qq.com/course/4543832
Python入门到精通丨项目实战特训丨爬虫丨人工智能丨自动化办公,https://ke.qq.com/course/4515400
python青少年编程v少儿编程,https://ke.qq.com/course/4456899
Python零基础入门丨小白变大神丨Django丨爬虫丨数据分析,https://ke.qq.com/course/4515315
Python编程基础语法快速入门,https://ke.qq.com/course/470718
Python开发之数据分析课程(1号教室),https://ke.qq.com/course/5826507
Python小白零基础入门,https://ke.qq.com/course/5455019
Python基础语法Python入门课程零基础学Python人工智能课程,https://ke.qq.com/course/5418210
Python零基础入门必学,https://ke.qq.com/course/5408651
python零基础快速入门到就业【码牛学院】,https://ke.qq.com/course/5272567
python绘图turtle基础入门,https://ke.qq.com/course/5154138
【蓝鲸】2022运维SaaS开发课实战课/低代码/云原生/Python,https://ke.qq.com/course/5153283
Python实战入门【基础班】,https://ke.qq.com/course/5095292
python操作Excel基础,https://ke.qq.com/course/5027548
python基础入门,https://ke.qq.com/course/5024534
论文作业复现机器学习模型案例,https://ke.qq.com/course/5507577
Python程序设计入门基础教学,https://ke.qq.com/course/5490755
Python零基础到爬虫项目实战,https://ke.qq.com/course/5488265
Python0基础到高薪就业-全面了解行业趋势，应用发展,https://ke.qq.com/course/5404289
Python开发,https://ke.qq.com/course/5388222
Python零基础快速就业到高级网络爬虫/人工智能/数据分析,https://ke.qq.com/course/5384719
python零基础教程/爬虫/AI人工智能/数据分析/机器学习,https://ke.qq.com/course/5384407
Python零基础到爬虫项目实战,https://ke.qq.com/course/5378936
【四二学堂】Python游戏基础-用tkinter画高级图形,https://ke.qq.com/course/2380911
Python编程环境搭建和Pycharm开发工具使用,https://ke.qq.com/course/471289
何老师python精讲课堂,https://ke.qq.com/course/5838313
python教室图书馆座位预约系统(Django框架)毕设作品演示教程,https://ke.qq.com/course/5831647
Python体验课,https://ke.qq.com/course/5813817
基于python图片分享平台系统毕业设计 毕设作品教程,https://ke.qq.com/course/5708752
Python零基础新手小白入门到项目实战,https://ke.qq.com/course/5660336
基于python校园排课选课系统毕业设计 毕设作品教程,https://ke.qq.com/course/5675140
Python爬虫课程,https://ke.qq.com/course/5530280
零基础Python特训课,https://ke.qq.com/course/5508755
github入门与开发,https://ke.qq.com/course/363619
Python全家福（第三期）,
python校园运动场地预约系统(Django框架)毕设作品演示教程,https://ke.qq.com/course/5831646
Python零基础入门,https://ke.qq.com/course/5660443
基于python旅游景区景点购票系统毕业设计 毕设作品教程,https://ke.qq.com/course/5708652
3天简单快速入门Python机器学习,https://ke.qq.com/course/5599593
Python核心编程,https://ke.qq.com/course/5576887
python爬虫零基础入门实战羡慕-抓取百度任意图片,https://ke.qq.com/course/5508753
Python体验课1,https://ke.qq.com/course/5508188
python爬虫零基础 --爬取虎牙直播平台任意图片,https://ke.qq.com/course/5508749
Python全家福（一）,
Python零基础项目实战之豆瓣电影爬取,https://ke.qq.com/course/5508718
基于python二手物品交易系统毕业设计 毕设作品教程,https://ke.qq.com/course/5708837
Python核心编程答疑,https://ke.qq.com/course/5664965
基于python电子书阅读系统毕业设计 毕设作品教程,https://ke.qq.com/course/5699266
Python实战特训课【图灵课堂】,https://ke.qq.com/course/5645060
基于python校园网站系统毕业设计 毕设作品教程,https://ke.qq.com/course/5675102
Flask从零博客开发实战,https://ke.qq.com/course/5559861
Python教程4天快速入手Python数据挖掘,https://ke.qq.com/course/5557227
Python零基础新手小白入门到项目实战,https://ke.qq.com/course/5515440
Django Web开发系列课程：MySQL数据库初体验,https://ke.qq.com/course/3100682
Python全系列大师课-0基础挑战高薪,https://ke.qq.com/course/2379892
python开发实战从入门到精通,https://ke.qq.com/course/5838476
Python爬虫强化班,https://ke.qq.com/course/5838468
扫地僧AI量化平台Qlib给力教程系列一：核心篇,https://ke.qq.com/course/5838458
Python爬虫数据科学：Python基础/爬虫开发/大数据分析/数据结构,https://ke.qq.com/course/5838346
Python技能提升班3.0,https://ke.qq.com/course/5838149
Python数据分析训练营职场全能班,https://ke.qq.com/course/5837995
django 博客项目实战 - 从草图到编码到上线部署【真全栈】,https://ke.qq.com/course/5837777
Python金融风控模型案例实战大全,https://ke.qq.com/course/5837658
【Python入门教程】零基础教程/全套教程｜港大学霸系统精讲,https://ke.qq.com/course/5837648
python正则表达式 ：基础知识+进阶知识+典型案例,https://ke.qq.com/course/5837483
python教室实验室预约系统(Django框架)毕设作品演示教程,https://ke.qq.com/course/5831645
Python开发之爬虫实战课程(2号教室),https://ke.qq.com/course/5830690
Python GUI编程 PyQt6入门到实战,https://ke.qq.com/course/5829662
机器学习实战,https://ke.qq.com/course/5830022
Python Flask 测试数据生成器项目,https://ke.qq.com/course/5829107
Python开发之爬虫开发课程(1号教室),https://ke.qq.com/course/5829854
Vue3.0全家桶+Element-Plus,https://ke.qq.com/course/5827714
Python核心编程(4号教室),https://ke.qq.com/course/5829802
周哥教IT.Python异步编程,https://ke.qq.com/course/5826764
Python核心编程(3号教室),https://ke.qq.com/course/5829341
不拖沓的Python竞赛课【第一辑 顺序结构】,https://ke.qq.com/course/5824404
Python核心编程(2号教室),https://ke.qq.com/course/5826833
Python技能提升班2.0,https://ke.qq.com/course/5824103
Python开发之爬虫开发课程(1号教室),https://ke.qq.com/course/5826506
Django vue python es redis celery 完成小福商城建设,https://ke.qq.com/course/5820555
Python核心编程(1号教室),https://ke.qq.com/course/5826505
【马士兵教育】Python/数据挖掘/AIoT人工智能,https://ke.qq.com/course/5814346
【马士兵教育】Python/数据挖掘/AIoT人工智能预定,https://ke.qq.com/course/5814345
Python核心编程预定,https://ke.qq.com/course/5807972
青少年软件编程等级考试Python语言4级历年真题课程,https://ke.qq.com/course/5806574
Python数据抓取小白入门实战19,https://ke.qq.com/course/5804955
青少年软件编程等级考试Python语言3级历年真题课程,https://ke.qq.com/course/5806571
app小程序手机端Python自动化爬虫实战,https://ke.qq.com/course/5798062
Python核心编程初体验,https://ke.qq.com/course/5738746
基于python校园二手书籍交易系统毕业设计 毕设作品教程,https://ke.qq.com/course/5708859
Python入门编程训练营,https://ke.qq.com/course/5711390
Python零基础入门,https://ke.qq.com/course/5690375
爬虫与反爬虫实战,https://ke.qq.com/course/5701147
Vue3.0全家桶+Element-Plus,https://ke.qq.com/course/5690049
爬虫与反爬虫实战进阶,https://ke.qq.com/course/5701114
觉醒教育Python专属,https://ke.qq.com/course/5670560
爬虫与反爬虫实战入门,https://ke.qq.com/course/5701081
Python零基础新手小白入门到项目实战,https://ke.qq.com/course/5660371
Python核心编程初体验,https://ke.qq.com/course/5692241
Python零基础实战训练营,https://ke.qq.com/course/5627684
Python入门与爬虫实战课程,https://ke.qq.com/course/5683405
Python高薪全能班,https://ke.qq.com/course/5683404
Python入门与爬虫实战入门,https://ke.qq.com/course/5683369
Python核心编程,https://ke.qq.com/course/5683335
2022核心编程基础(7号教室),https://ke.qq.com/course/5644859
2022核心编程基础(6号教室),https://ke.qq.com/course/5625284
Python开发之爬虫开发课程(2号教室),https://ke.qq.com/course/5625282
Python/商业插画/插画设计/插画/板绘/手绘/CG插画全能班,https://ke.qq.com/course/5613634
码趣Python全栈开发,https://ke.qq.com/course/5607177
Python零基础训练,https://ke.qq.com/course/5606321
播音主持/配音声优/有声书/声音美化系统课,https://ke.qq.com/course/5606318
码趣教育播音、Python体验课,https://ke.qq.com/course/5599827
CG-板绘全能班,https://ke.qq.com/course/5573836
码趣教育播音、Python专属预定,https://ke.qq.com/course/5594006
CG-高薪全能班,https://ke.qq.com/course/5573832
Python核心编程,https://ke.qq.com/course/5567129
Python爬虫数据科学：Python基础/爬虫开发/大数据分析/数据结构,https://ke.qq.com/course/5566991
python零基础到高薪就业VIP班【金渡教育】,https://ke.qq.com/course/5548274
Python基础班,https://ke.qq.com/course/5530694
UiPath RPA开发：入门、实战与进阶―官方配套视频课程,https://ke.qq.com/course/5530102
Python进阶班,https://ke.qq.com/course/5530692
Python开发之数据分析课程(2号教室),https://ke.qq.com/course/5524819
Python爬虫,https://ke.qq.com/course/5530662
Python爬虫高薪特训班,https://ke.qq.com/course/5524204
PythonWeb班,https://ke.qq.com/course/5530630
【觉醒教育录播】PythonWeb之flask项目实战案例,https://ke.qq.com/course/5522510
网络爬虫从入门到进阶,https://ke.qq.com/course/5516643
Python机器学习,https://ke.qq.com/course/5514489
零基础入门学Python（2022版）,https://ke.qq.com/course/5510997
Python人工智能,https://ke.qq.com/course/5512025
2022核心编程基础(5号教室),https://ke.qq.com/course/5510962
2022核心编程基础(5号教室),https://ke.qq.com/course/5510962
python零基础进阶课-深入理解面向对象思维,https://ke.qq.com/course/5508819
2022核心编程基础(4号教室),https://ke.qq.com/course/5510960
Python体验课,https://ke.qq.com/course/5507984
2022核心编程基础(3号教室),https://ke.qq.com/course/5510930
Python全栈开发,https://ke.qq.com/course/5499815
2022核心编程基础(2号教室),https://ke.qq.com/course/5510929
WEB开发全能班,https://ke.qq.com/course/5496611
2022核心编程基础(1号教室),https://ke.qq.com/course/5507618
Python体验课,https://ke.qq.com/course/5496461
扫地僧Backtrader给力教程系列二：量化回测与实盘交易高级篇,https://ke.qq.com/course/5481729
Python体验课,https://ke.qq.com/course/5491401
Python及其在数据分析中的应用,https://ke.qq.com/course/5473564
【星越教育】爬虫实战开发与逆向解析系统课,https://ke.qq.com/course/5472601
Python自动化测试与运维,https://ke.qq.com/course/5470446
Python基础语法Python入门课程零基础学Python人工智能课程,https://ke.qq.com/course/5458774
Python办公自动化,https://ke.qq.com/course/5470377
Python-爬虫高薪,https://ke.qq.com/course/5458369
Python体验课,https://ke.qq.com/course/5455210
Python-全栈高薪,https://ke.qq.com/course/5458291
Python体验课,https://ke.qq.com/course/5423931
Python爬虫实例：手把手带你一起快速全面抓取海量房产数据,https://ke.qq.com/course/5423663
Python专题课合集,https://ke.qq.com/course/5421046
Python数据抓取小白入门实战18【六星教育】,https://ke.qq.com/course/5420733
Python零基础小白入门31【六星教育】,https://ke.qq.com/course/5420731
Python高级基础进阶,https://ke.qq.com/course/5420306
Python实现小游戏入门20【六星教育】,https://ke.qq.com/course/5420730
零基础学python/python零基础入门教程,https://ke.qq.com/course/5411169
Python高薪VIP体验班90【六星源课堂】,https://ke.qq.com/course/5417552
Python全栈+爬虫+AI人工智能,https://ke.qq.com/course/5400453
Python高薪VIP体验-零基础入门81【六星教育】,https://ke.qq.com/course/5410925
Python项目实战班【包含：长期项目资源】,https://ke.qq.com/course/5400334
Python全栈/数据分析/爬虫/AI人工智能[六星],https://ke.qq.com/course/5407772
Python编程练习100题,https://ke.qq.com/course/5393654
码趣教育Python专属预定链接,https://ke.qq.com/course/5345802
web前端预付,https://ke.qq.com/course/5332738
零基础Python入门scrapy爬虫,https://ke.qq.com/course/5332505
【星越教育】Python零基础全栈系统学习班,https://ke.qq.com/course/5304186
扫地僧Backtrader给力教程系列一：量化回测核心篇 增订版,https://ke.qq.com/course/5297935
Python高薪VIP体验班63【六星教育】,https://ke.qq.com/course/5287694
backtrader回测结果分析工具集用法详解,https://ke.qq.com/course/5289518
Python实现小游戏入门61【六星教育】,https://ke.qq.com/course/5287689
亿学python全套专用课程,https://ke.qq.com/course/5287495
Python零基础小白入门61【六星教育】,https://ke.qq.com/course/5287686
Python零基础到实战,https://ke.qq.com/course/5287349
MySQL数据库入门实战 - Python版,https://ke.qq.com/course/5278388
Python全栈开发就业班（码牛学院）,https://ke.qq.com/course/5287333
python小白就业班预订专用链接【码牛学院】,https://ke.qq.com/course/5287032
小白入门Python到爬虫实战课程,https://ke.qq.com/course/5274748
0基础到大神进阶之路,https://ke.qq.com/course/5271683
Python体验课,https://ke.qq.com/course/5182945
Python3 Pygame 中国象棋 源代码,https://ke.qq.com/course/5182473
python绘图turtle基础案例,https://ke.qq.com/course/5154141
python库turtle绘CAD冰墩墩,https://ke.qq.com/course/5154053
【青灯教育】Python课程,https://ke.qq.com/course/5095608
Python Django| Web商业实战项目 | 后端开发核心能力,https://ke.qq.com/course/5066229
日语0-N1系统班/Python,https://ke.qq.com/course/5059738
python标准turtle库绘来自CAD兔子,https://ke.qq.com/course/5024378
Python预付,https://ke.qq.com/course/4993759
Python课程预定链接,https://ke.qq.com/course/4933620
Pytho零基础入门课程专属,https://ke.qq.com/course/4933536
数据分析师速成训练营课程,https://ke.qq.com/course/4933012
【亿学教育】Python入门零基础专属课程,https://ke.qq.com/course/4933522
Python数据抓取小白入门实战【六星教育】,https://ke.qq.com/course/4874678
Python体验课,https://ke.qq.com/course/4845625
【星越教育】Python零基础全栈工程师学习班,https://ke.qq.com/course/4759125
Python体验课,https://ke.qq.com/course/4815753
Python高薪就业课程,https://ke.qq.com/course/4756994
Python体验课,https://ke.qq.com/course/4759036
Python萌新启航班,https://ke.qq.com/course/4756230
Python基础入学,https://ke.qq.com/course/4757078
Python体验课,https://ke.qq.com/course/4756129
Python-数据分析/数据可视化,https://ke.qq.com/course/4756014
跟着王进老师学Python之Django篇第九季：Web项目发布到腾讯云,https://ke.qq.com/course/4667945
Python零基础入门,https://ke.qq.com/course/4667258
跟着王进老师学Python之Django篇第八季：用户权限管理,https://ke.qq.com/course/4576802
python青少年编程,https://ke.qq.com/course/4547721
Python预定专用,https://ke.qq.com/course/4546334
python游戏开发/全民飞机大战/综合运用/项目开发,https://ke.qq.com/course/4545127
Python实战金融风控回归模型（附代码）,https://ke.qq.com/course/4544563
Python基础预习,https://ke.qq.com/course/4544558
python编程环境搭建,https://ke.qq.com/course/4544547
【星越教育】Python零基础精英特战队学习班,https://ke.qq.com/course/4515638
Python-精英实战特训营,https://ke.qq.com/course/4515617
Python爬虫高级开发/大数据抓取/商业项目实战,https://ke.qq.com/course/4515598
Python零基础小白入门30【六星教育】,https://ke.qq.com/course/4514780
Python核心主流框架/极速搭建网址后台,https://ke.qq.com/course/4515541
Python实现小游戏入门33【六星教育】,https://ke.qq.com/course/4514638
Web前端核心技术,https://ke.qq.com/course/4515526
Python高薪VIP体验34-零基础入门【六星教育】,https://ke.qq.com/course/4514627
Python核心编程,https://ke.qq.com/course/4515522
Python高薪VIP体验班35【六星教育】,https://ke.qq.com/course/4514624
Python零基础挑战高薪架构师,https://ke.qq.com/course/4515510
Python高薪爬虫体验班36【六星教育】,https://ke.qq.com/course/4514622
Python高薪爬虫体验班20【六星教育】,https://ke.qq.com/course/4458017
Python高薪VIP体验班19【六星教育】,https://ke.qq.com/course/4458016
Python高薪VIP体验18-零基础入门【六星教育】,https://ke.qq.com/course/4458015
python少儿编程v数学编程,https://ke.qq.com/course/4456893
Python全栈开发,https://ke.qq.com/course/4426704
Python语法,https://ke.qq.com/course/4426265
Python高薪全能体验课,https://ke.qq.com/course/4426264
Excel电子表格-马克社区,https://ke.qq.com/course/4368350
python高薪全能开发预科班,https://ke.qq.com/course/4299748
Python语法基础全览,https://ke.qq.com/course/4299650
泛书零基础学Python入门爬虫/人工智能/数据分析/机器学习/自动化,https://ke.qq.com/course/4268371
爬虫实战破解/轻量级代码/高薪爬虫实战班,https://ke.qq.com/course/4299642
【星越教育】Python零基础全栈工程师学习班,https://ke.qq.com/course/4267223
python新冠疫情数据采集显示网站毕业设计 源码教程(Django框架),https://ke.qq.com/course/4234902
Python-爬虫高薪班,https://ke.qq.com/course/4232023
python毕业设计 个人博客系统 毕设源码 教程(Django框架),https://ke.qq.com/course/4232592
预售课程（预售）,https://ke.qq.com/course/4224144
python毕业设计 新闻信息管理系统 毕设源码 教程(Django框架),https://ke.qq.com/course/4231961
Python零基础精讲,https://ke.qq.com/course/4164605
python新冠病毒COVID-19数据分析和可视化,https://ke.qq.com/course/4159542
Python实现猜拳小游戏小白入门【六星教育】,https://ke.qq.com/course/4159375
Web全栈-前端开发,https://ke.qq.com/course/4159086
0基础入门学习Python技术,https://ke.qq.com/course/4158054
【星越教育】Python零基础入门课程,https://ke.qq.com/course/4127489
电影天堂APP项目开发之API融合篇,https://ke.qq.com/course/4126851
Python零基础冲刺班,https://ke.qq.com/course/4125818
2022全新核心编程基础,https://ke.qq.com/course/4124462
码趣教育-就业指导,https://ke.qq.com/course/4124416
Python小白也能学算法,https://ke.qq.com/course/4122911
【星越教育】Python小白全栈系统学习班,https://ke.qq.com/course/4122414
Tkinter彩票选号,https://ke.qq.com/course/4122384
Python-预习课程,https://ke.qq.com/course/4093540
python flask实战订餐系统微信小程序,https://ke.qq.com/course/4033943
Python实战训练营，0基础兼职-高薪就业实战课【马士兵教育】,https://ke.qq.com/course/4032649
Python与SEO应用实战训练（二）,https://ke.qq.com/course/4032095
Python零基础入门必看动画课【全集】,https://ke.qq.com/course/4032032
Python全家福技能提升班,https://ke.qq.com/course/4031677
零基础学Python-爬虫开发体验课,https://ke.qq.com/course/4031320
跟着王进老师学Python之Django篇第七季：实现用户登录模块,https://ke.qq.com/course/4002374
Python 入门到实战 Excel办公自动化,https://ke.qq.com/course/4000701
python爬虫特训营-全面的理论知识、详细的实战教学,https://ke.qq.com/course/4000576
Python 多线程多进程多协程 并发编程实战,https://ke.qq.com/course/4000699
Web前端核心技术,https://ke.qq.com/course/4000091
Python使用Flask开发Web服务,https://ke.qq.com/course/4000664
【软帝】Python爬虫开发/数据采集/scrapy/反爬技术,https://ke.qq.com/course/3941204
Python开发简单爬虫,https://ke.qq.com/course/4000635
【软帝】Python网站开发/Django/Flask/数据库/前端,https://ke.qq.com/course/3941174
零基础入门学Python,https://ke.qq.com/course/4000631
【软帝】Python从入门到精通/项目实战/游戏开发/核心编程,https://ke.qq.com/course/3941143
Python核心编程,https://ke.qq.com/course/3883527
Python全栈（预购）,https://ke.qq.com/course/3855100
Python数据分析高薪就业班,https://ke.qq.com/course/3852988
Python全栈开发工程师/挑战年薪30万,https://ke.qq.com/course/3767052
Python核心编程,https://ke.qq.com/course/3737828
Python基础课程,https://ke.qq.com/course/3737520
Python数据挖掘分析师【马士兵VIP课堂】,https://ke.qq.com/course/3737042
【Python3入门到精通】【送价值500元资料】核心语法基础视频教程,https://ke.qq.com/course/3736707
Python大数据入门实战课【Hadoop/HDFS/MapReduce】,https://ke.qq.com/course/3708391
Python 基础实战课程（完整）【51Reboot】,https://ke.qq.com/course/3707609
Python零基础预习,https://ke.qq.com/course/3707556
Python-全栈高薪班,https://ke.qq.com/course/3648206
Python办公自动化 Web自动化快速入门 网站开发基础+实战视频教程,https://ke.qq.com/course/3617995
Python Debug调试技巧-实战训练,https://ke.qq.com/course/3617310
Python办公自动化 Python爬虫自动化 基础+实战 编程视频教程,https://ke.qq.com/course/3617493
Django从入门到精通-环境搭建-网站开发-GIT,https://ke.qq.com/course/3616060
FastAPI+SQLAlchemy+Alembic后台开发,https://ke.qq.com/course/3615855
Python技能提升班,https://ke.qq.com/course/3615236
FFmpeg4.3系列之18：ZLMediaKit流媒体直播,https://ke.qq.com/course/3582816
Python基础到高级实战,https://ke.qq.com/course/3615226
2022全新Python开发之机器学习课程,https://ke.qq.com/course/3549032
Python入门到精通,https://ke.qq.com/course/3615213
2022全新Python开发之数据分析课程,https://ke.qq.com/course/3549031
2022核心编程基础,https://ke.qq.com/course/3549029
2022全新Python开发之爬虫开发课程,https://ke.qq.com/course/3549025
Python核心编程基础,https://ke.qq.com/course/3548278
利用Python进行数据分析（理论和案例）,https://ke.qq.com/course/3518294
Python机器学习,https://ke.qq.com/course/3548089
Python零基础基础入门  从小白到大神（基础篇）,https://ke.qq.com/course/3489536
Python爬虫课程,https://ke.qq.com/course/3548067
Python爬虫高级开发从入门到精通+实战案例全景分析,https://ke.qq.com/course/3488810
AIOT人工智能+物联网工程师【马士兵教育VIP课堂】,https://ke.qq.com/course/3488801
Python全栈开发/腾讯官方认证就业班,https://ke.qq.com/course/3485436
Python-爬虫开发,https://ke.qq.com/course/3485373
python办公自动化视频教程excel自动化办公编程自学网课,https://ke.qq.com/course/3452064
Python-核心课程,https://ke.qq.com/course/3455669
Python零基础全栈班,https://ke.qq.com/course/3451402
Python精英vip助学优惠预定,https://ke.qq.com/course/3455665
Python零基础,https://ke.qq.com/course/3451394
Python-零基础课程,https://ke.qq.com/course/3455653
Python全栈高薪就业班级,https://ke.qq.com/course/3451386
系统课程报名预订,https://ke.qq.com/course/3451019
Python基础进阶,https://ke.qq.com/course/3451275
"Python办公自动化 PPT,Pandas和Matplotlib实战视频 实战视频教程",https://ke.qq.com/course/3449821
Python爬虫实战班,https://ke.qq.com/course/3451143
Python办公自动化 Email 电子邮件操作管理 实战视频教程,https://ke.qq.com/course/3449787
Python爬虫课程,https://ke.qq.com/course/3420653
Python高级开发工程师/爬虫/数据分析/web开发/AI人工智能,https://ke.qq.com/course/3419156
Python核心编程,https://ke.qq.com/course/3418860
HADOOP【马士兵教育】,https://ke.qq.com/course/3418201
Scrapy爬虫框架VIP实战课[Python/分布式爬虫/爬虫进阶/最新实战],https://ke.qq.com/course/3414544
数据分析全家桶【马士兵教育】,https://ke.qq.com/course/3417158
Python全栈安全开发特训班（Python/网络编程/自动化/扫描器）,https://ke.qq.com/course/3413806
Python常用函数大全【马士兵教育】,https://ke.qq.com/course/3385592
零基础学Python/入门/爬虫/人工智能/数据分析/机器学习/自动化,https://ke.qq.com/course/3381070
Python办公自动化 Word Pdf 基础+进阶 2021项目实战视频教程,https://ke.qq.com/course/3323649
Python入门到精通,https://ke.qq.com/course/3295036
【博斌教育】爬虫入门到项目实战,https://ke.qq.com/course/3294780
Python办公自动化 Excel Mysql 基础+进阶 2021项目实战视频教程,https://ke.qq.com/course/3294207
跟着王进老师学Python之Django篇第六季：Web开发项目实战,https://ke.qq.com/course/3292165
Python爬虫――Scrapy框架专题,https://ke.qq.com/course/3291836
2021-python框架django网站开发必学知识点（新手入门）,https://ke.qq.com/course/3233163
python办公自动化系列 快速入门  2021 项目实战视频教程,https://ke.qq.com/course/3204133
2021-1小时Django和Mysql数据库操作入门教程（新手入门）,https://ke.qq.com/course/3205080
Python语法高级篇,https://ke.qq.com/course/3203530
Python自动化办公,https://ke.qq.com/course/3203087
2021新课- Django网站开发入门教程（python3.8和pycharm2020）,https://ke.qq.com/course/3202625
H5移动商城完整界面项目（python网站全栈开发系列）,https://ke.qq.com/course/3202405
公司H5移动站界面.三天从零实战（python网站全栈开发系列）,https://ke.qq.com/course/3202404
CSS常用网站开发实战集锦（python网站全栈开发系列）,https://ke.qq.com/course/3202403
Flex Box网站页面布局实战课程（python网站全栈开发系列）,https://ke.qq.com/course/3202402
Flex弹性盒子布局教程（python网站全栈开发系列）,https://ke.qq.com/course/3202401
JavaScript基础入门到精通（python网站全栈开发系列）,https://ke.qq.com/course/3202395
CSS3基础知识实战讲解（python网站全栈开发系列）,https://ke.qq.com/course/3202394
Python自动化办公|职场技能提升|高效工作|Excel|PPT|Word|邮件,https://ke.qq.com/course/3171227
CSS零基础入门到精通实战（python网站全栈开发系列课）,https://ke.qq.com/course/3202393
【马士兵教育】Python计算机二级考试,https://ke.qq.com/course/3135210
HTML5基础知识实战演练（python网站全栈开发写系列）,https://ke.qq.com/course/3202390
Python零基础预习,https://ke.qq.com/course/3103406
2021新课-python操作mysql数据库入门（基于3.8和pycharm2020）,https://ke.qq.com/course/3202383
做架构必知的人工智能【马士兵教育】,https://ke.qq.com/course/3103160
2021新课-python面向对象编程入门教程（基于3.8和pycharm2020）,https://ke.qq.com/course/3202381
最通俗易懂的零基础Python教程,https://ke.qq.com/course/3102274
2021新课-python基础语法教程-基于3.8和pycharm2020，针对新手,https://ke.qq.com/course/3201475
深度学习模型部署,https://ke.qq.com/course/3101733
Python实战训练营（在线答疑）,https://ke.qq.com/course/3100816
Python零基础人工智能编程课,https://ke.qq.com/course/3101401
Django Web开发系列课程：升级Web项目及应用,https://ke.qq.com/course/3100673
Python爬虫――反反爬专题,https://ke.qq.com/course/3097149
Python体验,https://ke.qq.com/course/3066285
Python菜鸟快乐游戏编程_pygame,https://ke.qq.com/course/3065512
周哥教IT.动态规划算法详解,https://ke.qq.com/course/3064379
python机器学习-乳腺癌细胞挖掘,https://ke.qq.com/course/3064292
【马士兵教育】Python常见问题100问,https://ke.qq.com/course/3063987
python风控建模实战lendingClub,https://ke.qq.com/course/3063950
金融现金贷用户数据分析和用户画像,https://ke.qq.com/course/3063784
python信用评分卡建模（附代码）,https://ke.qq.com/course/3063615
Python爬虫进阶班,https://ke.qq.com/course/3061957
Pythonweb框架,https://ke.qq.com/course/3060437
Python数据分析,https://ke.qq.com/course/3034591
零基础Python+办公自动化Excel+word+pdf,https://ke.qq.com/course/3029846
Python全栈开发/爬虫/Excel数据处理/电脑窗口程序/项目实战-易迅,https://ke.qq.com/course/3026154
Python爬虫――JavaScript解密专题,https://ke.qq.com/course/2995916
Python实战二（批量爬取简历模板）,https://ke.qq.com/course/2993506
Python数据分析从入门到精通【图灵学院】,https://ke.qq.com/course/2993145
python全栈开发,https://ke.qq.com/course/2959567
Django商业实战项目/助你圆梦高薪/真实案例更快适应工作岗位,https://ke.qq.com/course/2929943
Python办公自动化零基础进阶班,https://ke.qq.com/course/2900372
Python Django框架,https://ke.qq.com/course/2929935
Python爬虫实战课,https://ke.qq.com/course/2900279
Python爬虫高级开发/大数据抓取/从入门到精通/商业项目实战,https://ke.qq.com/course/2929932
2天玩转Python 爬虫核心技巧,https://ke.qq.com/course/2899384
Web前端核心技术,https://ke.qq.com/course/2929929
跟大拿从0开始学python全栈,https://ke.qq.com/course/2899382
Python零基础入门,https://ke.qq.com/course/2929921
Python高级就业班,https://ke.qq.com/course/2898921
【马士兵教育】从零基础开始学Python大数据，小白到大神进阶之路,https://ke.qq.com/course/2870243
Python零基础课程+爬虫技术,https://ke.qq.com/course/2868951
Python实战一（爬虫+多线程+数据库）,https://ke.qq.com/course/2836420
Python小白萌新入门到精通一图胜千言【马士兵教育】,https://ke.qq.com/course/2836128
Python高阶开发班,https://ke.qq.com/course/2774075
Python全栈就业课程,https://ke.qq.com/course/2774065
Python Web开发项目实战：Bug追踪管理系统,https://ke.qq.com/course/2739680
python django开发入门到熟练,https://ke.qq.com/course/2707680
Pandas数据分析最佳实践,https://ke.qq.com/course/2706459
Python办公自动化【马士兵教育】,https://ke.qq.com/course/2684924
2020年django之0基础补脑教程,https://ke.qq.com/course/2676633
Python小程序开发实战_09_celery讲解+实战,https://ke.qq.com/course/2647913
跟着软信学院学UML时序图用例图活动图类图,https://ke.qq.com/course/2588103
python人工智能语音识别实战,https://ke.qq.com/course/2556595
跟着软信学院学写软件需求说明书|软件需求规格说明书,https://ke.qq.com/course/2587782
Python Web全栈-后端开发,https://ke.qq.com/course/2555555
Python全栈开发/Django/Ajax/后台管理/用户模块/Vue.js/webpack,https://ke.qq.com/course/2381185
Python办公必备技能培训,https://ke.qq.com/course/2380403
Python数据分析：用数据破解日常业务难题，数据从业者必备课程,https://ke.qq.com/course/2379905
山东省信息技术课本 Python 课程（2020版）,https://ke.qq.com/course/2341874
Python爬虫：抓数据、存数据、懂反爬、学框架、会部署重实战,https://ke.qq.com/course/2379880
Python零基础到高级工程师系统学习班,https://ke.qq.com/course/2233399
Python小白萌新入门到精通一图胜千言【马士兵教育】,https://ke.qq.com/course/2379852
Python基础工程师,https://ke.qq.com/course/2204048
python公开课第二期,https://ke.qq.com/course/2203959
零基础python爬虫,https://ke.qq.com/course/2202473
破解B站滑块验证码,https://ke.qq.com/course/2202349
【高级课】Arcgis Python二次开发高级课案例实践,https://ke.qq.com/course/2145016
Python爬虫零基础学习实战视频课程,https://ke.qq.com/course/2086908
Python全栈自动化训练营――Python实战课,https://ke.qq.com/course/2086895
Python实战实例集（爬虫/数据分析/机器学习/数据挖掘/人工智能）,https://ke.qq.com/course/2027246
Python面试特训班,https://ke.qq.com/course/1711888
用Python搞定Elasticsearch开发实战,https://ke.qq.com/course/1710814
周哥教IT.Python基础面试讲解,https://ke.qq.com/course/1709512
python3接口自动化之python3基础课,https://ke.qq.com/course/1651254
设计师的Python语言课程带VIP答疑转为非程序员设计,https://ke.qq.com/course/1582980
跟着王进老师学Django第五季：Python Web开发异步请求和后台管理,https://ke.qq.com/course/1582259
Python全栈精品课之组合数据类型（二）,https://ke.qq.com/course/1582105
ArcGIS Python中级进阶教程,https://ke.qq.com/course/1406639
Python全栈精品课之组合数据类型（一）,https://ke.qq.com/course/1582094
Python+Vue+Django前后端分离项目实战课程,https://ke.qq.com/course/1044698
Python网络爬虫与文本数据分析,https://ke.qq.com/course/482241
Python Web开发动手练习项目V3.0 学生管理系统,https://ke.qq.com/course/482183
Python爬虫精选视频【灵犀教育】,https://ke.qq.com/course/481534
Python金融量化分析,https://ke.qq.com/course/479362
青少年编程---一线工程师带你python入门,https://ke.qq.com/course/476778
Python自动化办公,https://ke.qq.com/course/478718
用python编写QQ机器人+微信机器人实现淘宝客营收,https://ke.qq.com/course/473565
Python人工智能,https://ke.qq.com/course/471077
Python高薪VIP爬虫体验班【六星教育】,https://ke.qq.com/course/468301
Flask框架从基础到高级智能租房项目实践,https://ke.qq.com/course/453037
Python高薪爬虫体验班【六星教育】,https://ke.qq.com/course/455457
Python高薪VIP体验班【六星教育】,https://ke.qq.com/course/455454
Python教程-零基础快速入门知识,https://ke.qq.com/course/443615
Python后台报表综合案例教程,https://ke.qq.com/course/434596
Hadoop零基础从入门到精通,https://ke.qq.com/course/432890
Python零基础到大数据实战案例教程,https://ke.qq.com/course/433369
Python基础编程实战VIP班【python/基础/二级考试/教程】,https://ke.qq.com/course/432836
Python算法实战,https://ke.qq.com/course/432583
Q1数字货币Python量化,https://ke.qq.com/course/429625
Python零基础快速就业基础班/网络爬虫/人工智能/商业项目,https://ke.qq.com/course/427712
Flask项目实战,https://ke.qq.com/course/425508
AI 人工智能工程师【马士兵教育】,https://ke.qq.com/course/423416
Django URL框架班项目实战,https://ke.qq.com/course/425342
Python+AI实战班（人工智能/爬虫/数据分析/机器学习/深度学习）,https://ke.qq.com/course/423318
Python核心编程,https://ke.qq.com/course/425135
Python爬虫实战,https://ke.qq.com/course/423281
Python核心编程,https://ke.qq.com/course/418392
【入门】从入门到实践搞定Python语法的学习，制作自己的聊天工具,https://ke.qq.com/course/417752
Python爬虫课程,https://ke.qq.com/course/414446
"【新手】新手从入门到实践一步搞定,快速上手python web开发工作",https://ke.qq.com/course/417142
Python行业发展介绍及案例展示,https://ke.qq.com/course/412566
【资深】2个月掌握django精髓，玩转python web开发,https://ke.qq.com/course/414917
Python爬虫开发从入门到实战,https://ke.qq.com/course/409111
"【资深】2个月掌握urllib,requests等技术精髓,爬取想要的东西",https://ke.qq.com/course/414913
odoo零基础二次开发必备精讲课,https://ke.qq.com/course/408967
零基础编程Python+pycharm到精通,https://ke.qq.com/course/408784
Python全栈开发/腾讯官方认证就业班,https://ke.qq.com/course/407833
Python爬虫开发从入门到实战,https://ke.qq.com/course/405353
年薪20w的python爬虫专家精品入门课，从小白快速进阶大神,https://ke.qq.com/course/406671
Python实训班,https://ke.qq.com/course/405284
Python高级开发,https://ke.qq.com/course/404880
精品python核心教程,https://ke.qq.com/course/403401
Python爬虫商业实战,https://ke.qq.com/course/388429
Python开发实训班,https://ke.qq.com/course/401810
跟着王进老师学Python之Django篇第四季：数据库开发之ORM模型,https://ke.qq.com/course/384605
Python机器学习/人工智能/数据分析/算法高薪实战进阶,https://ke.qq.com/course/382873
跟着王进老师学Python之Django篇第三季：超市前端收银系统,https://ke.qq.com/course/379303
PyQt5（Python）实战视频课程,https://ke.qq.com/course/374285
跟着王进老师学Python之Django篇第二季：数据库开发之原生SQL,https://ke.qq.com/course/376043
Python的高级课程,https://ke.qq.com/course/370580
跟着王进老师学Python之Django篇第一季：Django框架入门,https://ke.qq.com/course/370126
Python初级课程,https://ke.qq.com/course/369850
Python之Tornado开发人脸识别小程序,https://ke.qq.com/course/367195
【老夏学院】Python全栈系列课程（1）之Python基础入门,https://ke.qq.com/course/366511
Python少儿编程 青少年中小学孩子儿童基础编程零基础入门,https://ke.qq.com/course/365931
Python网络爬虫系统项目实战课程【从零基础开始学习】_咕泡学院,https://ke.qq.com/course/363018
OpenCV图像处理（面向Python）,https://ke.qq.com/course/358045
Ptyhon零基础到入门精讲篇,https://ke.qq.com/course/354161
Python之Tornado开发硬件实时监控系统,https://ke.qq.com/course/346731
人工智能数据收集之Python网络爬虫精髓篇【楚才国科】,https://ke.qq.com/course/350789
跟着王进老师学开发Python篇：基础强化案例讲解,https://ke.qq.com/course/337609
Python面向对象编程详解|Python基础专题【尚学堂-中软承志】,https://ke.qq.com/course/322449
跟着王进老师学开发Python篇：基础语法案例讲解,https://ke.qq.com/course/336817
Python基础教程|Python 400集 基础部分（第一季）【尚学堂】,https://ke.qq.com/course/322219
Python基础语法【入门篇】,https://ke.qq.com/course/327383
人工智能+Python全栈开发工程师｜VIP就业班-零基础/6个月,https://ke.qq.com/course/298600
跟着王进老师学Python：通过案例讲函数,https://ke.qq.com/course/306096
2.2Python基本对象类型(适用于高中信息技术课程改革),https://ke.qq.com/course/272628
跟着王进老师学Python：通过案例讲时间日期,https://ke.qq.com/course/306091
周哥教IT.Python基础与AI方向,https://ke.qq.com/course/265330
跟着王进老师学Python：通过案例讲字典(dict)集合,https://ke.qq.com/course/306086
python基础入门,
跟着王进老师学Python：通过案例讲Set集合,https://ke.qq.com/course/306078
跟着王进老师学Python：通过案例讲Tuple元组,https://ke.qq.com/course/306071
跟着王进老师学Python：通过案例讲 List集合,https://ke.qq.com/course/306063
跟着王进老师学Python：通过案例讲循环,https://ke.qq.com/course/306030
跟着王进老师学Python：通过案例讲条件选择,https://ke.qq.com/course/306021
跟着王进老师学Python：通过案例讲运算符,https://ke.qq.com/course/306000
跟着王进老师学Python：通过案例讲变量,https://ke.qq.com/course/305982
跟着王进老师学开发Python篇第五季：面向对象高级篇,https://ke.qq.com/course/299755
跟着王进老师学开发Python篇第四季：面向对象基础篇,https://ke.qq.com/course/293056
跟着王进老师学开发Python篇第三季：Tkinter GUI项目实战篇,https://ke.qq.com/course/284025
跟着王进老师学开发之Python篇第二季：基础强化篇,https://ke.qq.com/course/282056
跟着王进老师学开发Python篇第一季：基础入门篇,https://ke.qq.com/course/276747
Python全家福（第六期）,
大学生Python网站毕业设计基础课学习套餐,
Python萌新班课程包2.0（录）,
Python全系列大师课-0基础挑战高薪,
Python零基础入门2.0（录）,
python零基础到高薪就业VIP班【系列课】,
Python零基础入门（试听）,
Python核心编程（补费）,
Python萌新启航班（第五期）,
Python编程爬虫兼职接单班,
Python全家福（第四期）,
Python全栈高级实战班,
Python萌新启航班（第二期）,
Python全套学习课程,
Python全家福（第二期）,
Python全套学习班二号链接,
Python人工智能特惠包,
Java体验课,
Python运维测试特惠包,
Python特惠课程包(测试可不对外展示隐藏处理),
Python基础语法到面向对象,
Python核心编程（补款链接）,
Python Web开发全栈课程,
Python Web开发动手练习项目：学生管理系统,
Python 入门|数据分析|人工智能 零基础到高薪就业,
Python爬虫+数据分析高薪就业班,
Python全栈高薪就业班级,
Python全栈高薪就业班,
套餐-python新冠疫情数据采集显示网站毕设源码+基础课,
Python数据分析高薪就业班,
套餐-python企业公司网站毕业设计 毕设源码+基础课,
Python爬虫从入门到实战,
Python+人工智能全栈VIP班,
套餐-python个人博客系统毕业设计 源码+基础课,
python金融风控评分卡模型和数据分析(加强版),
套餐-python新闻信息管理系统毕业设计 源码+基础课,
人人可学的数据分析班,
套餐-python校园鲜花水果商城毕业设计 源码+基础课,
Python爬虫+数据分析,
Python爬虫系列班,
Python爬虫工程师高薪就业班,
【软帝】Python全栈/核心编程/web/爬虫/人工智能,
数据分析高薪就业班系列课程,
Python安全开发特训班（Python/网络编程/自动化）,
Python数据挖掘分析师【马士兵教育】,
Python基础篇课程,
AIoT智能物联网工程师【马士兵教育】,
Python办公自动化 快速入门 基础+进阶 系列套餐,
Python高薪架构就业班系列课程,
2022最新Python高薪全能开发专题课程,
Python全栈开发工程师系列课程,
数据分析与机器学习实战,
Python爬虫工程师系列课程班,
Python爬虫进阶课程/App数据爬取/App爬虫,
AIoT物联网工程师+AI人工智能【马士兵教育VIP课堂】,
Python全栈开发/腾讯官方认证就业班,
从0到1Python数据科学之旅,
python爬虫课程,
Python数据分析与机器学习项目实战,
套餐-python的Django购物商城 毕设源码（配基础课）,
python金融风控评分卡模型和数据分析,
Python爬虫数据分析,
python+Django网站新手入门到实战全栈套餐,
Python高级开发---大神开发专题课程,
Django框架网站开发入门套餐（python网站开发系列）,
Python网络爬虫课程,
python入门套餐（python网站开发系列）,
Python Web框架Django从入门到实战,
Python网站界面实战套餐,
AI人工智能工程师【马士兵教育VIP课堂】,
Python网站开发web入门套餐,
基础语法+办公自动化+爬虫+数据分析【马士兵教育】,
基础语法+爬虫+数据分析【马士兵教育】,
跟着王进老师学Python Web开发：前端技术+Django框架,
基础语法+办公自动化+数据分析【马士兵教育】,
Python高级开发---大神开发专题课程,
基础语法+办公自动化+爬虫【马士兵教育】,
基础语法+数据分析【马士兵教育】,
基础语法+爬虫【马士兵教育】,
Python全栈开发,
