rank,word,link
0,消费者称李佳琦直播间产品比官方贵,https://s.weibo.com/weibo?q=name$topic_ad=
1,小伙清理舌苔误吞18厘米长牙刷,https://s.weibo.com/weibo?q=name$topic_ad=
2,携手构建网络空间命运共同体白皮书发布会,https://s.weibo.com/weibo?q=name$topic_ad=
3,曝老板为让员工离职将座椅换塑料凳,https://s.weibo.com/weibo?q=name$topic_ad=
4,嫌打篮球太吵老人从7楼扔饮料瓶,https://s.weibo.com/weibo?q=name$topic_ad=
5,韩国踩踏事故6人被立案调查,https://s.weibo.com/weibo?q=name$topic_ad=
6,鲸整口吞下一群鱼画面太震撼,https://s.weibo.com/weibo?q=name$topic_ad=
7,朱韵好爱李峋,https://s.weibo.com/weibo?q=name$topic_ad=
8,史上最凶班主任经证实为网红,https://s.weibo.com/weibo?q=name$topic_ad=
9,永远不要试探父母的爱,https://s.weibo.com/weibo?q=name$topic_ad=
10,司机下车上厕所被要求隔离七天,https://s.weibo.com/weibo?q=name$topic_ad=
11,赛琳娜给新肾脏命名,https://s.weibo.com/weibo?q=name$topic_ad=
12,新疆新增无症状感染者585例,https://s.weibo.com/weibo?q=name$topic_ad=
13,俞敏洪称10年吃了3000片安眠药,https://s.weibo.com/weibo?q=name$topic_ad=
14,黄婷婷被判与丝芭传媒解约,https://s.weibo.com/weibo?q=name$topic_ad=
15,刘宇宁一念关山抢婚造型,https://s.weibo.com/weibo?q=name$topic_ad=
16,手机厂商集体大降价,https://s.weibo.com/weibo?q=name$topic_ad=
17,山西定襄外卖员回应日送65单,https://s.weibo.com/weibo?q=name$topic_ad=
18,成都疫情防控,https://s.weibo.com/weibo?q=name$topic_ad=
19,中国运20让外国军人惊叹,https://s.weibo.com/weibo?q=name$topic_ad=
20,公主 你当我是豆腐做的,https://s.weibo.com/weibo?q=name$topic_ad=
21,北京朝阳新增多个高中风险区,https://s.weibo.com/weibo?q=name$topic_ad=
22,央视曝光双十一新骗术,https://s.weibo.com/weibo?q=name$topic_ad=
23,北京昨新增1例社会面筛查人员,https://s.weibo.com/weibo?q=name$topic_ad=
24,特斯拉股价跌回一年半前,https://s.weibo.com/weibo?q=name$topic_ad=
25,家中起火白狗熏成黑狗趴窗求救,https://s.weibo.com/weibo?q=name$topic_ad=
26,广州海珠区社会面疫情防控延长至11日,https://s.weibo.com/weibo?q=name$topic_ad=
27,中方回应日本加入北约网络防御中心,https://s.weibo.com/weibo?q=name$topic_ad=
28,马斯克解雇了90%的印度推特员工,https://s.weibo.com/weibo?q=name$topic_ad=
29,为什么很多人不愿意恋爱了,https://s.weibo.com/weibo?q=name$topic_ad=
30,熊孩子喊饿趁妈妈睡觉点300多元外卖,https://s.weibo.com/weibo?q=name$topic_ad=
31,北京12345回应,https://s.weibo.com/weibo?q=name$topic_ad=
32,95后女孩瘫痪20年自学捏粘土售卖,https://s.weibo.com/weibo?q=name$topic_ad=
33,江西的早餐有多便宜,https://s.weibo.com/weibo?q=name$topic_ad=
34,韩国短道选手回应挑衅手势,https://s.weibo.com/weibo?q=name$topic_ad=
35,第一个总部设在中国的政府间国际组织,https://s.weibo.com/weibo?q=name$topic_ad=
36,5男子饭馆吃133元要求少收100元,https://s.weibo.com/weibo?q=name$topic_ad=
37,疯狂动物城衍生剧正式预告,https://s.weibo.com/weibo?q=name$topic_ad=
38,老人患阿兹海默病与镜中自己聊天,https://s.weibo.com/weibo?q=name$topic_ad=
39,王一博今日直播截图状态,https://s.weibo.com/weibo?q=name$topic_ad=
40,全球人口将达80亿,https://s.weibo.com/weibo?q=name$topic_ad=
41,全国近八成地级及以上城市房价不过万,https://s.weibo.com/weibo?q=name$topic_ad=
42,3岁萌娃欺负姐妹爸爸竹鞭打床吓哭,https://s.weibo.com/weibo?q=name$topic_ad=
43,小伙网恋被骗后加入对方被判缓刑,https://s.weibo.com/weibo?q=name$topic_ad=
44,朱韵真的是公主殿下,https://s.weibo.com/weibo?q=name$topic_ad=
45,血月,https://s.weibo.com/weibo?q=name$topic_ad=
46,25岁爸爸带娃一年日渐沧桑,https://s.weibo.com/weibo?q=name$topic_ad=
47,阿尔维斯打破巴西征战世界杯年龄记录,https://s.weibo.com/weibo?q=name$topic_ad=
48,外交部回应七国集团外长会声明,https://s.weibo.com/weibo?q=name$topic_ad=
49,赵露思偷偷藏不住杀青视频,https://s.weibo.com/weibo?q=name$topic_ad=
